,맥주,년,평점
0,ARK Seoulite Ale, 2018,2.8833333333333333
1,ARK Seoulite Ale, 2019,3.05
2,ARK Seoulite Ale, 2020,3.35
3,Asahi Super Dry, 2000,2.7000000000000006
4,Asahi Super Dry, 2001,2.4857142857142853
5,Asahi Super Dry, 2002,2.401123595505618
6,Asahi Super Dry, 2003,2.226506024096386
7,Asahi Super Dry, 2004,2.151190476190476
8,Asahi Super Dry, 2005,1.9711340206185566
9,Asahi Super Dry, 2006,2.0516483516483515
10,Asahi Super Dry, 2007,2.0166666666666666
11,Asahi Super Dry, 2008,2.1533333333333333
12,Asahi Super Dry, 2009,2.053846153846154
13,Asahi Super Dry, 2010,2.04320987654321
14,Asahi Super Dry, 2011,2.2263636363636365
15,Asahi Super Dry, 2012,2.125714285714286
16,Asahi Super Dry, 2013,2.230952380952381
17,Asahi Super Dry, 2014,2.2205882352941178
18,Asahi Super Dry, 2015,2.1333333333333333
19,Asahi Super Dry, 2016,2.217142857142857
20,Asahi Super Dry, 2017,2.3698630136986303
21,Asahi Super Dry, 2018,2.5887323943661973
22,Asahi Super Dry, 2019,2.4109375
23,Asahi Super Dry, 2020,2.345945945945946
24,Asahi Super Dry, 2021,2.4
25,Asahi Super Dry Black, 2012,2.4615384615384617
26,Asahi Super Dry Black, 2013,2.375
27,Asahi Super Dry Black, 2014,2.675
28,Asahi Super Dry Black, 2015,2.5
29,Asahi Super Dry Black, 2016,2.82
30,Asahi Super Dry Black, 2017,2.7181818181818183
31,Asahi Super Dry Black, 2018,2.6999999999999997
32,Asahi Super Dry Black, 2019,2.8666666666666667
33,Asahi Super Dry Black, 2020,2.96
34,Bali Hai Premium Lager, 2019,2.4
35,Bavaria 8.6 (Original), 2000,2.5
36,Bavaria 8.6 (Original), 2001,1.8333333333333333
37,Bavaria 8.6 (Original), 2002,2.076923076923077
38,Bavaria 8.6 (Original), 2003,2.1999999999999997
39,Bavaria 8.6 (Original), 2004,2.2333333333333334
40,Bavaria 8.6 (Original), 2005,2.207692307692308
41,Bavaria 8.6 (Original), 2006,1.976
42,Bavaria 8.6 (Original), 2007,2.5749999999999997
43,Bavaria 8.6 (Original), 2008,1.8666666666666667
44,Bavaria 8.6 (Original), 2009,2.0785714285714287
45,Bavaria 8.6 (Original), 2010,2.1357142857142857
46,Bavaria 8.6 (Original), 2011,2.2153846153846155
47,Bavaria 8.6 (Original), 2012,2.32
48,Bavaria 8.6 (Original), 2013,2.380952380952381
49,Bavaria 8.6 (Original), 2014,1.935
50,Bavaria 8.6 (Original), 2015,2.5217391304347827
51,Bavaria 8.6 (Original), 2016,2.257142857142857
52,Bavaria 8.6 (Original), 2017,2.231578947368421
53,Bavaria 8.6 (Original), 2018,2.0999999999999996
54,Bavaria 8.6 (Original), 2019,2.0941176470588236
55,Bavaria 8.6 (Original), 2020,2.75
56,Bavaria 8.6 (Original), 2021,2.5
57,Bavaria Pilsener / Premium Beer, 2000,1.9
58,Bavaria Pilsener / Premium Beer, 2001,2.857142857142857
59,Bavaria Pilsener / Premium Beer, 2002,2.1847457627118647
60,Bavaria Pilsener / Premium Beer, 2003,2.088636363636364
61,Bavaria Pilsener / Premium Beer, 2004,1.943478260869565
62,Bavaria Pilsener / Premium Beer, 2005,2.2245614035087717
63,Bavaria Pilsener / Premium Beer, 2006,2.285185185185185
64,Bavaria Pilsener / Premium Beer, 2007,2.265753424657534
65,Bavaria Pilsener / Premium Beer, 2008,2.2781818181818183
66,Bavaria Pilsener / Premium Beer, 2009,2.135135135135135
67,Bavaria Pilsener / Premium Beer, 2010,2.1736842105263157
68,Bavaria Pilsener / Premium Beer, 2011,2.1594202898550723
69,Bavaria Pilsener / Premium Beer, 2012,2.175
70,Bavaria Pilsener / Premium Beer, 2013,2.176829268292683
71,Bavaria Pilsener / Premium Beer, 2014,2.137804878048781
72,Bavaria Pilsener / Premium Beer, 2015,2.1516666666666664
73,Bavaria Pilsener / Premium Beer, 2016,2.3794871794871795
74,Bavaria Pilsener / Premium Beer, 2017,2.107317073170732
75,Bavaria Pilsener / Premium Beer, 2018,2.626470588235294
76,Bavaria Pilsener / Premium Beer, 2019,2.2956521739130435
77,Bavaria Pilsener / Premium Beer, 2020,2.06
78,Beck's, 2000,2.9181818181818184
79,Beck's, 2001,2.5808219178082195
80,Beck's, 2002,2.5262910798122067
81,Beck's, 2003,2.4061643835616437
82,Beck's, 2004,2.3889655172413793
83,Beck's, 2005,2.4118055555555555
84,Beck's, 2006,2.357638888888889
85,Beck's, 2007,2.393081761006289
86,Beck's, 2008,2.3273809523809526
87,Beck's, 2009,2.21
88,Beck's, 2010,2.223529411764706
89,Beck's, 2011,2.35
90,Beck's, 2012,2.340268456375839
91,Beck's, 2013,2.343661971830986
92,Beck's, 2014,2.1627906976744184
93,Beck's, 2015,2.3008620689655173
94,Beck's, 2016,2.291954022988506
95,Beck's, 2017,2.2164556962025315
96,Beck's, 2018,2.4738461538461536
97,Beck's, 2019,2.418
98,Beck's, 2020,2.323529411764706
99,Berliner Kindl Jubiläums Pilsener Premium, 2001,1.4666666666666668
100,Berliner Kindl Jubiläums Pilsener Premium, 2002,1.85
101,Berliner Kindl Jubiläums Pilsener Premium, 2003,3.0833333333333335
102,Berliner Kindl Jubiläums Pilsener Premium, 2004,2.3833333333333333
103,Berliner Kindl Jubiläums Pilsener Premium, 2005,2.4
104,Berliner Kindl Jubiläums Pilsener Premium, 2006,2.44
105,Berliner Kindl Jubiläums Pilsener Premium, 2007,2.5500000000000003
106,Berliner Kindl Jubiläums Pilsener Premium, 2008,2.40625
107,Berliner Kindl Jubiläums Pilsener Premium, 2009,2.7199999999999998
108,Berliner Kindl Jubiläums Pilsener Premium, 2010,2.6999999999999997
109,Berliner Kindl Jubiläums Pilsener Premium, 2011,2.476923076923077
110,Berliner Kindl Jubiläums Pilsener Premium, 2012,2.844
111,Berliner Kindl Jubiläums Pilsener Premium, 2013,2.36
112,Berliner Kindl Jubiläums Pilsener Premium, 2014,2.668
113,Berliner Kindl Jubiläums Pilsener Premium, 2015,2.6518518518518515
114,Berliner Kindl Jubiläums Pilsener Premium, 2016,2.576
115,Berliner Kindl Jubiläums Pilsener Premium, 2017,2.7038461538461536
116,Berliner Kindl Jubiläums Pilsener Premium, 2018,2.715
117,Berliner Kindl Jubiläums Pilsener Premium, 2019,2.7333333333333334
118,Berliner Kindl Jubiläums Pilsener Premium, 2020,2.772727272727273
119,Berliner Kindl Jubiläums Pilsener Premium, 2021,2.8
120,Bintang Pilsener, 2001,2.2333333333333334
121,Bintang Pilsener, 2002,1.96875
122,Bintang Pilsener, 2003,1.8722222222222225
123,Bintang Pilsener, 2004,1.8375000000000001
124,Bintang Pilsener, 2005,2.086666666666667
125,Bintang Pilsener, 2006,1.9083333333333332
126,Bintang Pilsener, 2007,1.8857142857142857
127,Bintang Pilsener, 2008,1.85625
128,Bintang Pilsener, 2009,1.935
129,Bintang Pilsener, 2010,2.081818181818182
130,Bintang Pilsener, 2011,2.1666666666666665
131,Bintang Pilsener, 2012,2.0526315789473686
132,Bintang Pilsener, 2013,2.07
133,Bintang Pilsener, 2014,1.9833333333333332
134,Bintang Pilsener, 2015,2.068
135,Bintang Pilsener, 2016,2.0250000000000004
136,Bintang Pilsener, 2017,2.057377049180328
137,Bintang Pilsener, 2018,2.0844444444444443
138,Bintang Pilsener, 2019,2.4388888888888887
139,Bintang Pilsener, 2020,1.95
140,Budweiser, 2000,1.2347826086956522
141,Budweiser, 2001,1.4881856540084388
142,Budweiser, 2002,1.3986175115207373
143,Budweiser, 2003,1.4824626865671642
144,Budweiser, 2004,1.38
145,Budweiser, 2005,1.442517006802721
146,Budweiser, 2006,1.3241610738255034
147,Budweiser, 2007,1.3340314136125655
148,Budweiser, 2008,1.4865384615384616
149,Budweiser, 2009,1.583710407239819
150,Budweiser, 2010,1.4211678832116788
151,Budweiser, 2011,1.6202380952380953
152,Budweiser, 2012,1.5826086956521739
153,Budweiser, 2013,1.7524663677130046
154,Budweiser, 2014,1.6666666666666667
155,Budweiser, 2015,1.6016949152542372
156,Budweiser, 2016,1.9196261682242992
157,Budweiser, 2017,1.9595041322314048
158,Budweiser, 2018,2.016153846153846
159,Budweiser, 2019,2.0880597014925373
160,Budweiser, 2020,2.1097560975609757
161,Burge Meester Shandy Lemon, 2016,2.5
162,Burge Meester Shandy Lemon, 2019,2.1
163,Carlsberg Pilsner, 2000,3.0
164,Carlsberg Pilsner, 2001,2.785185185185185
165,Carlsberg Pilsner, 2002,2.454878048780488
166,Carlsberg Pilsner, 2003,2.3898734177215193
167,Carlsberg Pilsner, 2004,2.155421686746988
168,Carlsberg Pilsner, 2005,2.269090909090909
169,Carlsberg Pilsner, 2006,2.1756521739130434
170,Carlsberg Pilsner, 2007,2.264516129032258
171,Carlsberg Pilsner, 2008,2.2353333333333336
172,Carlsberg Pilsner, 2009,2.1096491228070176
173,Carlsberg Pilsner, 2010,2.213636363636364
174,Carlsberg Pilsner, 2011,2.222340425531915
175,Carlsberg Pilsner, 2012,2.24375
176,Carlsberg Pilsner, 2013,2.265079365079365
177,Carlsberg Pilsner, 2014,2.2120879120879122
178,Carlsberg Pilsner, 2015,2.2961038961038964
179,Carlsberg Pilsner, 2016,2.3375
180,Carlsberg Pilsner, 2017,2.2533333333333334
181,Carlsberg Pilsner, 2018,2.3568627450980393
182,Carlsberg Pilsner, 2019,2.2984126984126987
183,Carlsberg Pilsner, 2020,2.3806451612903223
184,Carlsberg Pilsner, 2021,1.6
185,Cass Fresh, 2002,1.2833333333333334
186,Cass Fresh, 2003,1.525
187,Cass Fresh, 2004,1.5625
188,Cass Fresh, 2005,1.5250000000000001
189,Cass Fresh, 2006,1.7538461538461538
190,Cass Fresh, 2007,1.575
191,Cass Fresh, 2008,1.4333333333333333
192,Cass Fresh, 2009,1.5727272727272728
193,Cass Fresh, 2010,1.3857142857142857
194,Cass Fresh, 2011,1.45
195,Cass Fresh, 2012,1.7999999999999998
196,Cass Fresh, 2013,1.8214285714285714
197,Cass Fresh, 2014,1.7791666666666668
198,Cass Fresh, 2015,1.9000000000000001
199,Cass Fresh, 2016,1.7685714285714285
200,Cass Fresh, 2017,1.8642857142857143
201,Cass Fresh, 2018,1.912
202,Cass Fresh, 2019,1.9600000000000002
203,Cass Fresh, 2020,1.9714285714285715
204,Castlemaine XXXX Gold Lager, 2000,2.2
205,Castlemaine XXXX Gold Lager, 2001,1.8666666666666665
206,Castlemaine XXXX Gold Lager, 2002,2.4214285714285713
207,Castlemaine XXXX Gold Lager, 2003,1.64375
208,Castlemaine XXXX Gold Lager, 2004,1.6454545454545455
209,Castlemaine XXXX Gold Lager, 2005,1.6846153846153848
210,Castlemaine XXXX Gold Lager, 2006,1.4666666666666668
211,Castlemaine XXXX Gold Lager, 2007,1.65625
212,Castlemaine XXXX Gold Lager, 2008,2.085714285714286
213,Castlemaine XXXX Gold Lager, 2009,1.83
214,Castlemaine XXXX Gold Lager, 2010,1.9125
215,Castlemaine XXXX Gold Lager, 2011,1.26
216,Castlemaine XXXX Gold Lager, 2012,1.5125
217,Castlemaine XXXX Gold Lager, 2013,2.390909090909091
218,Castlemaine XXXX Gold Lager, 2014,1.4933333333333332
219,Castlemaine XXXX Gold Lager, 2015,1.9
220,Castlemaine XXXX Gold Lager, 2016,2.7875
221,Castlemaine XXXX Gold Lager, 2017,2.15
222,Castlemaine XXXX Gold Lager, 2018,1.625
223,Castlemaine XXXX Gold Lager, 2019,2.98
224,Castlemaine XXXX Gold Lager, 2020,2.3400000000000003
225,Desperados, 2002,1.8277777777777777
226,Desperados, 2003,1.5499999999999998
227,Desperados, 2004,1.2526315789473685
228,Desperados, 2005,1.3559999999999999
229,Desperados, 2006,1.4255813953488372
230,Desperados, 2007,1.8105263157894738
231,Desperados, 2008,1.8457142857142856
232,Desperados, 2009,1.562857142857143
233,Desperados, 2010,1.9066666666666665
234,Desperados, 2011,1.875
235,Desperados, 2012,1.9482758620689655
236,Desperados, 2013,1.7840579710144926
237,Desperados, 2014,1.8030612244897959
238,Desperados, 2015,1.7494736842105263
239,Desperados, 2016,1.7636363636363637
240,Desperados, 2017,1.8703125
241,Desperados, 2018,2.107894736842105
242,Desperados, 2019,2.09
243,Desperados, 2020,1.8909090909090909
244,Desperados, 2021,3.7
245,Edelweiss Weissbier Snowfresh, 2007,3.468965517241379
246,Edelweiss Weissbier Snowfresh, 2008,3.3328125
247,Edelweiss Weissbier Snowfresh, 2009,3.129090909090909
248,Edelweiss Weissbier Snowfresh, 2010,3.2633333333333336
249,Edelweiss Weissbier Snowfresh, 2011,3.182608695652174
250,Edelweiss Weissbier Snowfresh, 2012,3.182352941176471
251,Edelweiss Weissbier Snowfresh, 2013,3.3125
252,Edelweiss Weissbier Snowfresh, 2014,3.345833333333333
253,Edelweiss Weissbier Snowfresh, 2015,3.1291666666666664
254,Edelweiss Weissbier Snowfresh, 2016,3.4166666666666665
255,Edelweiss Weissbier Snowfresh, 2017,3.227272727272727
256,Edelweiss Weissbier Snowfresh, 2018,3.3299999999999996
257,Edelweiss Weissbier Snowfresh, 2019,3.257142857142857
258,Edelweiss Weissbier Snowfresh, 2020,2.5999999999999996
259,Egger Grapefruit Radler, 2013,2.2
260,Egger Grapefruit Radler, 2014,2.246153846153846
261,Egger Grapefruit Radler, 2015,2.2733333333333334
262,Egger Grapefruit Radler, 2016,2.375
263,Egger Grapefruit Radler, 2017,2.6333333333333333
264,Egger Grapefruit Radler, 2018,2.55
265,Egger Grapefruit Radler, 2019,2.7
266,Egger Grapefruit Radler, 2020,2.3666666666666667
267,Egger Märzenbier, 2006,2.775
268,Egger Märzenbier, 2007,2.4285714285714284
269,Egger Märzenbier, 2008,2.4642857142857144
270,Egger Märzenbier, 2009,2.1799999999999997
271,Egger Märzenbier, 2010,2.5357142857142856
272,Egger Märzenbier, 2011,2.38
273,Egger Märzenbier, 2012,2.5916666666666663
274,Egger Märzenbier, 2013,2.3375
275,Egger Märzenbier, 2014,2.4058823529411764
276,Egger Märzenbier, 2015,2.5944444444444446
277,Egger Märzenbier, 2016,2.588888888888889
278,Egger Märzenbier, 2017,2.4
279,Egger Märzenbier, 2018,2.3545454545454545
280,Egger Märzenbier, 2019,2.5533333333333332
281,Egger Märzenbier, 2020,2.73
282,Egger Zwickl, 2014,2.9000000000000004
283,Egger Zwickl, 2016,2.5
284,Egger Zwickl, 2018,2.1
285,Egger Zwickl, 2019,2.8
286,Egger Zwickl, 2020,2.9
287,Eichbaum Apostel Bräu, 2007,2.8
288,Eichbaum Apostel Bräu, 2008,2.772727272727273
289,Eichbaum Apostel Bräu, 2009,2.611111111111111
290,Eichbaum Apostel Bräu, 2010,2.3076923076923075
291,Eichbaum Apostel Bräu, 2011,2.55
292,Eichbaum Apostel Bräu, 2012,2.33125
293,Eichbaum Apostel Bräu, 2013,2.246153846153846
294,Eichbaum Apostel Bräu, 2014,2.3272727272727276
295,Eichbaum Apostel Bräu, 2015,2.314285714285714
296,Eichbaum Apostel Bräu, 2016,2.65
297,Eichbaum Apostel Bräu, 2017,2.5444444444444443
298,Eichbaum Apostel Bräu, 2018,2.3428571428571425
299,Eichbaum Apostel Bräu, 2019,2.4285714285714284
300,Eichbaum Apostel Bräu, 2021,2.7
301,Erdinger Weissbier, 2000,3.175
302,Erdinger Weissbier, 2001,3.4266666666666667
303,Erdinger Weissbier, 2002,3.1840579710144925
304,Erdinger Weissbier, 2003,3.1493670886075953
305,Erdinger Weissbier, 2004,3.161764705882353
306,Erdinger Weissbier, 2005,3.1891156462585033
307,Erdinger Weissbier, 2006,3.095705521472393
308,Erdinger Weissbier, 2007,3.1313186813186813
309,Erdinger Weissbier, 2008,3.15609756097561
310,Erdinger Weissbier, 2009,3.12875
311,Erdinger Weissbier, 2010,3.0888888888888886
312,Erdinger Weissbier, 2011,3.160135135135135
313,Erdinger Weissbier, 2012,3.173333333333334
314,Erdinger Weissbier, 2013,3.259009009009009
315,Erdinger Weissbier, 2014,3.1293388429752063
316,Erdinger Weissbier, 2015,3.131720430107527
317,Erdinger Weissbier, 2016,3.1163793103448274
318,Erdinger Weissbier, 2017,3.1856060606060606
319,Erdinger Weissbier, 2018,3.1265822784810124
320,Erdinger Weissbier, 2019,3.1746031746031744
321,Erdinger Weissbier, 2020,3.215909090909091
322,Erdinger Weissbier, 2021,4.1
323,Erdinger Weissbier Dunkel, 2000,4.3
324,Erdinger Weissbier Dunkel, 2001,3.46
325,Erdinger Weissbier Dunkel, 2002,3.3808510638297875
326,Erdinger Weissbier Dunkel, 2003,3.2414285714285715
327,Erdinger Weissbier Dunkel, 2004,3.316
328,Erdinger Weissbier Dunkel, 2005,3.2549549549549552
329,Erdinger Weissbier Dunkel, 2006,3.180392156862745
330,Erdinger Weissbier Dunkel, 2007,3.231707317073171
331,Erdinger Weissbier Dunkel, 2008,3.1655172413793102
332,Erdinger Weissbier Dunkel, 2009,3.190677966101695
333,Erdinger Weissbier Dunkel, 2010,3.209322033898305
334,Erdinger Weissbier Dunkel, 2011,3.340909090909091
335,Erdinger Weissbier Dunkel, 2012,3.3181208053691273
336,Erdinger Weissbier Dunkel, 2013,3.2314102564102565
337,Erdinger Weissbier Dunkel, 2014,3.135672514619883
338,Erdinger Weissbier Dunkel, 2015,3.2053846153846153
339,Erdinger Weissbier Dunkel, 2016,3.170833333333333
340,Erdinger Weissbier Dunkel, 2017,3.184444444444445
341,Erdinger Weissbier Dunkel, 2018,3.1378787878787877
342,Erdinger Weissbier Dunkel, 2019,3.232142857142857
343,Erdinger Weissbier Dunkel, 2020,3.14375
344,Erdinger Weissbier Dunkel, 2021,2.1
345,FiLite, 2017,2.566666666666667
346,FiLite, 2018,2.325
347,FiLite, 2019,2.25
348,Franziskaner Hefe-Weissbier / Weissbier Naturtrub, 2000,3.96
349,Franziskaner Hefe-Weissbier / Weissbier Naturtrub, 2001,3.8642857142857143
350,Franziskaner Hefe-Weissbier / Weissbier Naturtrub, 2002,3.7088495575221243
351,Franziskaner Hefe-Weissbier / Weissbier Naturtrub, 2003,3.678985507246377
352,Franziskaner Hefe-Weissbier / Weissbier Naturtrub, 2004,3.5698630136986305
353,Franziskaner Hefe-Weissbier / Weissbier Naturtrub, 2005,3.5463687150837986
354,Franziskaner Hefe-Weissbier / Weissbier Naturtrub, 2006,3.5657142857142854
355,Franziskaner Hefe-Weissbier / Weissbier Naturtrub, 2007,3.634065934065934
356,Franziskaner Hefe-Weissbier / Weissbier Naturtrub, 2008,3.656957928802589
357,Franziskaner Hefe-Weissbier / Weissbier Naturtrub, 2009,3.5322751322751325
358,Franziskaner Hefe-Weissbier / Weissbier Naturtrub, 2010,3.6466666666666665
359,Franziskaner Hefe-Weissbier / Weissbier Naturtrub, 2011,3.576041666666667
360,Franziskaner Hefe-Weissbier / Weissbier Naturtrub, 2012,3.608064516129032
361,Franziskaner Hefe-Weissbier / Weissbier Naturtrub, 2013,3.6191304347826088
362,Franziskaner Hefe-Weissbier / Weissbier Naturtrub, 2014,3.630824372759857
363,Franziskaner Hefe-Weissbier / Weissbier Naturtrub, 2015,3.566981132075472
364,Franziskaner Hefe-Weissbier / Weissbier Naturtrub, 2016,3.6439306358381502
365,Franziskaner Hefe-Weissbier / Weissbier Naturtrub, 2017,3.633566433566434
366,Franziskaner Hefe-Weissbier / Weissbier Naturtrub, 2018,3.597560975609756
367,Franziskaner Hefe-Weissbier / Weissbier Naturtrub, 2019,3.658490566037736
368,Franziskaner Hefe-Weissbier / Weissbier Naturtrub, 2020,3.6069767441860465
369,Franziskaner Hefe-Weissbier / Weissbier Naturtrub, 2021,3.5
370,Gambrinus Originál 10° (Desítka), 2002,2.6500000000000004
371,Gambrinus Originál 10° (Desítka), 2003,2.575
372,Gambrinus Originál 10° (Desítka), 2004,2.757142857142857
373,Gambrinus Originál 10° (Desítka), 2005,2.6692307692307695
374,Gambrinus Originál 10° (Desítka), 2006,2.3916666666666666
375,Gambrinus Originál 10° (Desítka), 2007,2.4250000000000003
376,Gambrinus Originál 10° (Desítka), 2008,2.5914285714285716
377,Gambrinus Originál 10° (Desítka), 2009,2.595652173913044
378,Gambrinus Originál 10° (Desítka), 2010,2.54375
379,Gambrinus Originál 10° (Desítka), 2011,2.2766666666666664
380,Gambrinus Originál 10° (Desítka), 2012,2.4703703703703703
381,Gambrinus Originál 10° (Desítka), 2013,2.475862068965517
382,Gambrinus Originál 10° (Desítka), 2014,2.4256410256410255
383,Gambrinus Originál 10° (Desítka), 2015,2.4935483870967743
384,Gambrinus Originál 10° (Desítka), 2016,2.59
385,Gambrinus Originál 10° (Desítka), 2017,2.5391304347826087
386,Gambrinus Originál 10° (Desítka), 2018,2.512121212121212
387,Gambrinus Originál 10° (Desítka), 2019,2.638709677419355
388,Gambrinus Originál 10° (Desítka), 2020,2.96
389,Gambrinus Originál 10° (Desítka), 2021,2.7
390,Grolsch Premium Lager, 2000,2.9333333333333336
391,Grolsch Premium Lager, 2001,2.85
392,Grolsch Premium Lager, 2002,2.707558139534884
393,Grolsch Premium Lager, 2003,2.7443750000000002
394,Grolsch Premium Lager, 2004,2.585483870967742
395,Grolsch Premium Lager, 2005,2.4901515151515152
396,Grolsch Premium Lager, 2006,2.46875
397,Grolsch Premium Lager, 2007,2.402702702702703
398,Grolsch Premium Lager, 2008,2.40125
399,Grolsch Premium Lager, 2009,2.3336206896551723
400,Grolsch Premium Lager, 2010,2.476237623762376
401,Grolsch Premium Lager, 2011,2.6469135802469137
402,Grolsch Premium Lager, 2012,2.5727272727272728
403,Grolsch Premium Lager, 2013,2.4977272727272726
404,Grolsch Premium Lager, 2014,2.6294642857142856
405,Grolsch Premium Lager, 2015,2.5442477876106193
406,Grolsch Premium Lager, 2016,2.637179487179487
407,Grolsch Premium Lager, 2017,2.7292929292929293
408,Grolsch Premium Lager, 2018,2.809375
409,Grolsch Premium Lager, 2019,2.752727272727273
410,Grolsch Premium Lager, 2020,2.8
411,Grolsch Premium Lager, 2021,2.8
412,Guinness Draught, 2000,4.148
413,Guinness Draught, 2001,3.964606741573034
414,Guinness Draught, 2002,3.6795865633074936
415,Guinness Draught, 2003,3.542013888888889
416,Guinness Draught, 2004,3.543042071197411
417,Guinness Draught, 2005,3.396694214876033
418,Guinness Draught, 2006,3.532571428571429
419,Guinness Draught, 2007,3.3903640256959315
420,Guinness Draught, 2008,3.433253588516746
421,Guinness Draught, 2009,3.422327044025157
422,Guinness Draught, 2010,3.362015503875969
423,Guinness Draught, 2011,3.415352697095436
424,Guinness Draught, 2012,3.4565088757396447
425,Guinness Draught, 2013,3.3835164835164835
426,Guinness Draught, 2014,3.365109034267913
427,Guinness Draught, 2015,3.2762264150943397
428,Guinness Draught, 2016,3.3628272251308897
429,Guinness Draught, 2017,3.3219730941704033
430,Guinness Draught, 2018,3.415333333333333
431,Guinness Draught, 2019,3.5495412844036696
432,Guinness Draught, 2020,3.522033898305085
433,Guinness Draught, 2021,3.5
434,Guinness Original 4.2% (Ireland/UK), 2000,2.1
435,Guinness Original 4.2% (Ireland/UK), 2001,2.225
436,Guinness Original 4.2% (Ireland/UK), 2002,2.9000000000000004
437,Guinness Original 4.2% (Ireland/UK), 2003,3.227272727272727
438,Guinness Original 4.2% (Ireland/UK), 2004,3.419047619047619
439,Guinness Original 4.2% (Ireland/UK), 2005,3.1260869565217395
440,Guinness Original 4.2% (Ireland/UK), 2006,3.478947368421052
441,Guinness Original 4.2% (Ireland/UK), 2007,3.176
442,Guinness Original 4.2% (Ireland/UK), 2008,3.2760000000000002
443,Guinness Original 4.2% (Ireland/UK), 2009,3.3049999999999997
444,Guinness Original 4.2% (Ireland/UK), 2010,3.109677419354839
445,Guinness Original 4.2% (Ireland/UK), 2011,3.2366666666666664
446,Guinness Original 4.2% (Ireland/UK), 2012,3.3131578947368423
447,Guinness Original 4.2% (Ireland/UK), 2013,3.298275862068966
448,Guinness Original 4.2% (Ireland/UK), 2014,3.094871794871795
449,Guinness Original 4.2% (Ireland/UK), 2015,3.177358490566038
450,Guinness Original 4.2% (Ireland/UK), 2016,3.170833333333333
451,Guinness Original 4.2% (Ireland/UK), 2017,3.2411764705882353
452,Guinness Original 4.2% (Ireland/UK), 2018,3.1454545454545455
453,Guinness Original 4.2% (Ireland/UK), 2019,3.326923076923077
454,Guinness Original 4.2% (Ireland/UK), 2020,3.41
455,Harbin Beer, 2002,2.3
456,Harbin Beer, 2003,2.25
457,Harbin Beer, 2004,1.7
458,Harbin Beer, 2005,2.8
459,Harbin Beer, 2006,2.019642857142857
460,Harbin Beer, 2007,2.1229885057471263
461,Harbin Beer, 2008,2.0028571428571427
462,Harbin Beer, 2009,2.026315789473684
463,Harbin Beer, 2010,1.9866666666666668
464,Harbin Beer, 2011,1.55
465,Harbin Beer, 2012,1.6583333333333332
466,Harbin Beer, 2013,1.5333333333333334
467,Harbin Beer, 2014,1.5166666666666668
468,Harbin Beer, 2015,2.3714285714285714
469,Harbin Beer, 2016,1.8142857142857143
470,Harbin Beer, 2017,2.1333333333333333
471,Harbin Beer, 2018,1.7399999999999998
472,Harbin Beer, 2019,1.675
473,Harbin Beer, 2020,2.15
474,Heineken, 2000,1.8705882352941177
475,Heineken, 2001,2.3993421052631576
476,Heineken, 2002,2.3129449838187703
477,Heineken, 2003,2.22
478,Heineken, 2004,2.1128865979381444
479,Heineken, 2005,2.0372881355932204
480,Heineken, 2006,2.0947955390334574
481,Heineken, 2007,2.1234920634920633
482,Heineken, 2008,2.068867924528302
483,Heineken, 2009,2.022110552763819
484,Heineken, 2010,1.982098765432099
485,Heineken, 2011,1.9948863636363638
486,Heineken, 2012,2.200377358490566
487,Heineken, 2013,2.1919413919413917
488,Heineken, 2014,2.0992156862745097
489,Heineken, 2015,2.174537037037037
490,Heineken, 2016,2.240789473684211
491,Heineken, 2017,2.146308724832215
492,Heineken, 2018,2.4401785714285715
493,Heineken, 2019,2.3432692307692307
494,Heineken, 2020,2.5644444444444447
495,Heineken Dark Lager, 2000,1.6
496,Heineken Dark Lager, 2001,2.9142857142857146
497,Heineken Dark Lager, 2002,2.7093023255813953
498,Heineken Dark Lager, 2003,2.5980392156862746
499,Heineken Dark Lager, 2004,2.4711864406779664
500,Heineken Dark Lager, 2005,2.6234375
501,Heineken Dark Lager, 2006,2.6673913043478263
502,Heineken Dark Lager, 2007,2.805172413793103
503,Heineken Dark Lager, 2008,2.573611111111111
504,Heineken Dark Lager, 2009,2.597297297297297
505,Heineken Dark Lager, 2010,2.6857142857142855
506,Heineken Dark Lager, 2011,2.7708333333333335
507,Heineken Dark Lager, 2012,2.7346153846153842
508,Heineken Dark Lager, 2013,3.005263157894737
509,Heineken Dark Lager, 2014,2.988888888888889
510,Heineken Dark Lager, 2015,2.933333333333333
511,Heineken Dark Lager, 2016,2.6799999999999997
512,Heineken Dark Lager, 2017,2.65
513,Heineken Dark Lager, 2018,2.6999999999999997
514,Heineken Dark Lager, 2019,2.6
515,Hite D (Dry Finish), 2010,1.1
516,Hite D (Dry Finish), 2011,1.9090909090909092
517,Hite D (Dry Finish), 2012,2.6538461538461537
518,Hite D (Dry Finish), 2013,1.9857142857142858
519,Hite D (Dry Finish), 2014,2.011111111111111
520,Hite D (Dry Finish), 2015,2.14
521,Hite D (Dry Finish), 2016,1.3
522,Hite D (Dry Finish), 2017,1.8666666666666665
523,Hite D (Dry Finish), 2018,1.4
524,Hite Extra Cold, 2017,2.1461538461538465
525,Hite Extra Cold, 2018,1.8
526,Hite Extra Cold, 2019,2.5272727272727273
527,Hite Extra Cold, 2020,2.0500000000000003
528,Hite Prime Max, 2002,1.2
529,Hite Prime Max, 2003,1.55
530,Hite Prime Max, 2004,1.95
531,Hite Prime Max, 2005,2.25
532,Hite Prime Max, 2006,1.7625
533,Hite Prime Max, 2007,1.9
534,Hite Prime Max, 2008,2.011111111111111
535,Hite Prime Max, 2009,1.5125
536,Hite Prime Max, 2010,1.7333333333333334
537,Hite Prime Max, 2011,1.5285714285714285
538,Hite Prime Max, 2012,2.0
539,Hite Prime Max, 2013,1.7399999999999998
540,Hite Prime Max, 2014,1.7999999999999998
541,Hite Prime Max, 2015,2.161538461538462
542,Hite Prime Max, 2016,1.8999999999999997
543,Hite Prime Max, 2017,2.5
544,Hite Prime Max, 2018,1.9833333333333334
545,Hite Prime Max, 2019,2.44
546,Hoegaarden, 2000,4.090909090909091
547,Hoegaarden, 2001,4.082352941176471
548,Hoegaarden, 2002,3.6566037735849055
549,Hoegaarden, 2003,3.6360975609756094
550,Hoegaarden, 2004,3.5849056603773586
551,Hoegaarden, 2005,3.5781132075471698
552,Hoegaarden, 2006,3.556272401433692
553,Hoegaarden, 2007,3.492391304347826
554,Hoegaarden, 2008,3.54564705882353
555,Hoegaarden, 2009,3.436501901140684
556,Hoegaarden, 2010,3.428444444444444
557,Hoegaarden, 2011,3.48
558,Hoegaarden, 2012,3.5114754098360654
559,Hoegaarden, 2013,3.48006230529595
560,Hoegaarden, 2014,3.456711409395973
561,Hoegaarden, 2015,3.5137037037037038
562,Hoegaarden, 2016,3.506829268292683
563,Hoegaarden, 2017,3.414857142857143
564,Hoegaarden, 2018,3.4262135922330095
565,Hoegaarden, 2019,3.525
566,Hoegaarden, 2020,3.5142857142857142
567,Hoegaarden, 2021,3.6666666666666665
568,Hoegaarden Cherry, 2017,2.05
569,Hoegaarden Cherry, 2018,3.6
570,Hoegaarden Rosée, 2007,2.3205128205128207
571,Hoegaarden Rosée, 2008,2.605357142857143
572,Hoegaarden Rosée, 2009,2.188
573,Hoegaarden Rosée, 2010,2.625
574,Hoegaarden Rosée, 2011,2.428888888888889
575,Hoegaarden Rosée, 2012,2.526666666666667
576,Hoegaarden Rosée, 2013,2.3925925925925924
577,Hoegaarden Rosée, 2014,2.498076923076923
578,Hoegaarden Rosée, 2015,2.484
579,Hoegaarden Rosée, 2016,2.592857142857143
580,Hoegaarden Rosée, 2017,2.7348837209302324
581,Hoegaarden Rosée, 2018,2.48
582,Hoegaarden Rosée, 2019,2.8347826086956522
583,Hoegaarden Rosée, 2020,2.853846153846154
584,Holsten Premium Bier, 2001,2.8363636363636364
585,Holsten Premium Bier, 2002,2.476
586,Holsten Premium Bier, 2003,2.4466666666666668
587,Holsten Premium Bier, 2004,2.466666666666667
588,Holsten Premium Bier, 2005,2.2869565217391306
589,Holsten Premium Bier, 2006,2.341379310344828
590,Holsten Premium Bier, 2007,2.3205128205128207
591,Holsten Premium Bier, 2008,2.4709677419354836
592,Holsten Premium Bier, 2009,2.26
593,Holsten Premium Bier, 2010,2.4318181818181817
594,Holsten Premium Bier, 2011,2.283333333333333
595,Holsten Premium Bier, 2012,2.3275862068965516
596,Holsten Premium Bier, 2013,2.2666666666666666
597,Holsten Premium Bier, 2014,2.231034482758621
598,Holsten Premium Bier, 2015,2.3684210526315788
599,Holsten Premium Bier, 2016,2.3583333333333334
600,Holsten Premium Bier, 2017,2.5933333333333333
601,Holsten Premium Bier, 2018,2.2916666666666665
602,Holsten Premium Bier, 2019,2.4222222222222225
603,Holsten Premium Bier, 2020,2.3333333333333335
604,Jeju Wit Ale, 2017,3.55
605,Jeju Wit Ale, 2018,3.2
606,Jeju Wit Ale, 2019,2.4
607,Jeju Wit Ale, 2020,3.2
608,Kirin Ichiban, 2000,2.1333333333333333
609,Kirin Ichiban, 2001,2.5285714285714285
610,Kirin Ichiban, 2002,2.282608695652174
611,Kirin Ichiban, 2003,2.216666666666667
612,Kirin Ichiban, 2004,2.10379746835443
613,Kirin Ichiban, 2005,2.0561643835616437
614,Kirin Ichiban, 2006,2.1581395348837207
615,Kirin Ichiban, 2007,2.130188679245283
616,Kirin Ichiban, 2008,2.15
617,Kirin Ichiban, 2009,2.0373831775700935
618,Kirin Ichiban, 2010,2.0816326530612246
619,Kirin Ichiban, 2011,2.2550458715596333
620,Kirin Ichiban, 2012,2.261585365853658
621,Kirin Ichiban, 2013,2.13416149068323
622,Kirin Ichiban, 2014,2.2625
623,Kirin Ichiban, 2015,2.3019417475728154
624,Kirin Ichiban, 2016,2.3666666666666667
625,Kirin Ichiban, 2017,2.623684210526316
626,Kirin Ichiban, 2018,2.453623188405797
627,Kirin Ichiban, 2019,2.4065217391304348
628,Kirin Ichiban, 2020,2.396
629,Kirin Ichiban, 2021,2.8
630,Kloud Fitz Super Clear, 2017,2.566666666666667
631,Kloud Fitz Super Clear, 2018,1.9214285714285713
632,Kloud Fitz Super Clear, 2019,1.8800000000000001
633,Kloud Fitz Super Clear, 2020,1.7
634,Kloud Original Gravity, 2014,2.2857142857142856
635,Kloud Original Gravity, 2015,2.3846153846153846
636,Kloud Original Gravity, 2016,2.323529411764706
637,Kloud Original Gravity, 2017,2.268421052631579
638,Kloud Original Gravity, 2018,2.02
639,Kloud Original Gravity, 2019,2.50625
640,Kloud Original Gravity, 2020,2.5285714285714285
641,Kozel Černý (Dark) 10°, 2000,2.0
642,Kozel Černý (Dark) 10°, 2001,3.442857142857143
643,Kozel Černý (Dark) 10°, 2002,3.553846153846154
644,Kozel Černý (Dark) 10°, 2003,3.3083333333333336
645,Kozel Černý (Dark) 10°, 2004,3.2636363636363637
646,Kozel Černý (Dark) 10°, 2005,3.217948717948718
647,Kozel Černý (Dark) 10°, 2006,3.1666666666666665
648,Kozel Černý (Dark) 10°, 2007,3.0568627450980395
649,Kozel Černý (Dark) 10°, 2008,3.0145454545454546
650,Kozel Černý (Dark) 10°, 2009,3.028205128205128
651,Kozel Černý (Dark) 10°, 2010,3.18125
652,Kozel Černý (Dark) 10°, 2011,2.8833333333333333
653,Kozel Černý (Dark) 10°, 2012,3.0359375
654,Kozel Černý (Dark) 10°, 2013,3.0183098591549298
655,Kozel Černý (Dark) 10°, 2014,3.0089887640449438
656,Kozel Černý (Dark) 10°, 2015,2.8467889908256883
657,Kozel Černý (Dark) 10°, 2016,2.9367816091954024
658,Kozel Černý (Dark) 10°, 2017,2.778048780487805
659,Kozel Černý (Dark) 10°, 2018,3.0171875
660,Kozel Černý (Dark) 10°, 2019,2.9539682539682537
661,Kozel Černý (Dark) 10°, 2020,2.9433333333333334
662,Kozel Černý (Dark) 10°, 2021,3.8
663,Krombacher Weizen, 2007,3.0555555555555554
664,Krombacher Weizen, 2008,2.9705882352941178
665,Krombacher Weizen, 2009,3.1954545454545453
666,Krombacher Weizen, 2010,3.0823529411764703
667,Krombacher Weizen, 2011,3.01
668,Krombacher Weizen, 2012,3.1346153846153846
669,Krombacher Weizen, 2013,3.206382978723404
670,Krombacher Weizen, 2014,3.2
671,Krombacher Weizen, 2015,3.120833333333333
672,Krombacher Weizen, 2016,3.130357142857143
673,Krombacher Weizen, 2017,3.2157894736842105
674,Krombacher Weizen, 2018,3.070967741935484
675,Krombacher Weizen, 2019,3.0461538461538464
676,Krombacher Weizen, 2020,3.2700000000000005
677,Kronenbourg 1664 Blanc, 2004,3.2222222222222223
678,Kronenbourg 1664 Blanc, 2005,2.664516129032258
679,Kronenbourg 1664 Blanc, 2006,2.7025
680,Kronenbourg 1664 Blanc, 2007,2.3913793103448273
681,Kronenbourg 1664 Blanc, 2008,2.7282051282051283
682,Kronenbourg 1664 Blanc, 2009,2.4272727272727272
683,Kronenbourg 1664 Blanc, 2010,2.835
684,Kronenbourg 1664 Blanc, 2011,2.8046511627906976
685,Kronenbourg 1664 Blanc, 2012,2.8249999999999997
686,Kronenbourg 1664 Blanc, 2013,2.8262626262626265
687,Kronenbourg 1664 Blanc, 2014,2.7731707317073173
688,Kronenbourg 1664 Blanc, 2015,2.8113636363636365
689,Kronenbourg 1664 Blanc, 2016,2.8208955223880596
690,Kronenbourg 1664 Blanc, 2017,2.8615384615384616
691,Kronenbourg 1664 Blanc, 2018,2.8559322033898304
692,Kronenbourg 1664 Blanc, 2019,2.9078651685393258
693,Kronenbourg 1664 Blanc, 2020,3.0441176470588234
694,Kronenbourg 1664 Blanc, 2021,2.05
695,Lapin Kulta IV A, 2001,1.6333333333333335
696,Lapin Kulta IV A, 2002,2.5357142857142856
697,Lapin Kulta IV A, 2003,1.7400000000000002
698,Lapin Kulta IV A, 2004,2.1636363636363636
699,Lapin Kulta IV A, 2005,2.1928571428571426
700,Lapin Kulta IV A, 2006,1.935
701,Lapin Kulta IV A, 2007,2.285
702,Lapin Kulta IV A, 2008,2.1944444444444446
703,Lapin Kulta IV A, 2009,2.2
704,Lapin Kulta IV A, 2010,2.216666666666667
705,Lapin Kulta IV A, 2011,2.3249999999999997
706,Lapin Kulta IV A, 2012,2.161764705882353
707,Lapin Kulta IV A, 2013,2.2090909090909094
708,Lapin Kulta IV A, 2014,2.1125000000000003
709,Lapin Kulta IV A, 2015,2.3227272727272728
710,Lapin Kulta IV A, 2016,1.9642857142857142
711,Lapin Kulta IV A, 2017,2.413333333333333
712,Lapin Kulta IV A, 2018,2.3884615384615384
713,Lapin Kulta IV A, 2019,2.38
714,Lapin Kulta IV A, 2020,2.3333333333333335
715,Leffe Brune / Bruin / Brown, 2000,3.05
716,Leffe Brune / Bruin / Brown, 2001,3.84
717,Leffe Brune / Bruin / Brown, 2002,3.5357142857142856
718,Leffe Brune / Bruin / Brown, 2003,3.3365384615384617
719,Leffe Brune / Bruin / Brown, 2004,3.483695652173913
720,Leffe Brune / Bruin / Brown, 2005,3.4408602150537635
721,Leffe Brune / Bruin / Brown, 2006,3.428421052631579
722,Leffe Brune / Bruin / Brown, 2007,3.5239436619718307
723,Leffe Brune / Bruin / Brown, 2008,3.4595419847328244
724,Leffe Brune / Bruin / Brown, 2009,3.4285714285714284
725,Leffe Brune / Bruin / Brown, 2010,3.451851851851852
726,Leffe Brune / Bruin / Brown, 2011,3.5094890510948904
727,Leffe Brune / Bruin / Brown, 2012,3.5781659388646285
728,Leffe Brune / Bruin / Brown, 2013,3.48744769874477
729,Leffe Brune / Bruin / Brown, 2014,3.473568281938326
730,Leffe Brune / Bruin / Brown, 2015,3.485416666666667
731,Leffe Brune / Bruin / Brown, 2016,3.4690322580645163
732,Leffe Brune / Bruin / Brown, 2017,3.457692307692308
733,Leffe Brune / Bruin / Brown, 2018,3.504854368932039
734,Leffe Brune / Bruin / Brown, 2019,3.3689655172413797
735,Leffe Brune / Bruin / Brown, 2020,3.575
736,Leffe Brune / Bruin / Brown, 2021,3.733333333333333
737,Löwenbräu Original (4.2%), 2014,1.8909090909090909
738,Löwenbräu Original (4.2%), 2015,1.625
739,Löwenbräu Original (4.2%), 2016,2.275
740,Löwenbräu Original (4.2%), 2017,1.9333333333333333
741,Löwenbräu Original (4.2%), 2019,1.7
742,Mallaskosken Kuohu Amber Lager Special Edition, 2014,3.1333333333333333
743,Miller Genuine Draft (MGD), 2000,1.64375
744,Miller Genuine Draft (MGD), 2001,1.7613207547169811
745,Miller Genuine Draft (MGD), 2002,1.78984375
746,Miller Genuine Draft (MGD), 2003,1.6918238993710693
747,Miller Genuine Draft (MGD), 2004,1.5678571428571426
748,Miller Genuine Draft (MGD), 2005,1.4631578947368422
749,Miller Genuine Draft (MGD), 2006,1.545
750,Miller Genuine Draft (MGD), 2007,1.5848039215686276
751,Miller Genuine Draft (MGD), 2008,1.5746192893401014
752,Miller Genuine Draft (MGD), 2009,1.6405405405405404
753,Miller Genuine Draft (MGD), 2010,1.6698795180722892
754,Miller Genuine Draft (MGD), 2011,1.5483146067415732
755,Miller Genuine Draft (MGD), 2012,1.6008064516129032
756,Miller Genuine Draft (MGD), 2013,1.7104761904761905
757,Miller Genuine Draft (MGD), 2014,1.6876106194690264
758,Miller Genuine Draft (MGD), 2015,1.8324675324675324
759,Miller Genuine Draft (MGD), 2016,1.8655737704918032
760,Miller Genuine Draft (MGD), 2017,1.9540983606557378
761,Miller Genuine Draft (MGD), 2018,2.1
762,Miller Genuine Draft (MGD), 2019,2.121212121212121
763,Miller Genuine Draft (MGD), 2020,1.9275862068965517
764,Miller Genuine Draft (MGD), 2021,2.4
765,OB Premier Pilsner, 2014,1.8
766,OB Premier Pilsner, 2015,2.4
767,OB Premier Pilsner, 2016,2.13
768,OB Premier Pilsner, 2017,2.19375
769,OB Premier Pilsner, 2018,2.16
770,OB Premier Pilsner, 2019,3.0
771,Paulaner Hefe-Weissbier, 2000,3.92
772,Paulaner Hefe-Weissbier, 2001,3.7563636363636363
773,Paulaner Hefe-Weissbier, 2002,3.585714285714286
774,Paulaner Hefe-Weissbier, 2003,3.585714285714286
775,Paulaner Hefe-Weissbier, 2004,3.5293706293706295
776,Paulaner Hefe-Weissbier, 2005,3.663265306122449
777,Paulaner Hefe-Weissbier, 2006,3.7047872340425534
778,Paulaner Hefe-Weissbier, 2007,3.614930555555555
779,Paulaner Hefe-Weissbier, 2008,3.6320833333333336
780,Paulaner Hefe-Weissbier, 2009,3.470114942528735
781,Paulaner Hefe-Weissbier, 2010,3.62125
782,Paulaner Hefe-Weissbier, 2011,3.547096774193548
783,Paulaner Hefe-Weissbier, 2012,3.6107981220657277
784,Paulaner Hefe-Weissbier, 2013,3.6423076923076922
785,Paulaner Hefe-Weissbier, 2014,3.5492700729927007
786,Paulaner Hefe-Weissbier, 2015,3.5719298245614035
787,Paulaner Hefe-Weissbier, 2016,3.571069182389937
788,Paulaner Hefe-Weissbier, 2017,3.5954081632653065
789,Paulaner Hefe-Weissbier, 2018,3.6376923076923076
790,Paulaner Hefe-Weissbier, 2019,3.6541176470588237
791,Paulaner Hefe-Weissbier, 2020,3.5517241379310347
792,Paulaner Hefe-Weissbier, 2021,3.8499999999999996
793,Peroni Nastro Azzurro, 2001,2.5444444444444443
794,Peroni Nastro Azzurro, 2002,2.259259259259259
795,Peroni Nastro Azzurro, 2003,2.282051282051282
796,Peroni Nastro Azzurro, 2004,2.03125
797,Peroni Nastro Azzurro, 2005,2.045263157894737
798,Peroni Nastro Azzurro, 2006,2.1666666666666665
799,Peroni Nastro Azzurro, 2007,2.072380952380952
800,Peroni Nastro Azzurro, 2008,2.062809917355372
801,Peroni Nastro Azzurro, 2009,2.0615384615384618
802,Peroni Nastro Azzurro, 2010,2.083720930232558
803,Peroni Nastro Azzurro, 2011,2.118072289156627
804,Peroni Nastro Azzurro, 2012,2.2419847328244273
805,Peroni Nastro Azzurro, 2013,2.1075342465753426
806,Peroni Nastro Azzurro, 2014,2.1104000000000003
807,Peroni Nastro Azzurro, 2015,2.209090909090909
808,Peroni Nastro Azzurro, 2016,2.3659090909090907
809,Peroni Nastro Azzurro, 2017,2.493181818181818
810,Peroni Nastro Azzurro, 2018,2.353125
811,Peroni Nastro Azzurro, 2019,2.3578947368421055
812,Peroni Nastro Azzurro, 2020,2.602777777777778
813,Peroni Nastro Azzurro, 2021,2.8
814,Pilsner Urquell, 2000,3.408333333333333
815,Pilsner Urquell, 2001,3.4512500000000004
816,Pilsner Urquell, 2002,3.4804347826086954
817,Pilsner Urquell, 2003,3.305314009661836
818,Pilsner Urquell, 2004,3.3731481481481485
819,Pilsner Urquell, 2005,3.331687242798354
820,Pilsner Urquell, 2006,3.1991769547325104
821,Pilsner Urquell, 2007,3.2513071895424837
822,Pilsner Urquell, 2008,3.2849840255591056
823,Pilsner Urquell, 2009,3.203755868544601
824,Pilsner Urquell, 2010,3.2046666666666668
825,Pilsner Urquell, 2011,3.2502732240437155
826,Pilsner Urquell, 2012,3.246825396825397
827,Pilsner Urquell, 2013,3.3241877256317687
828,Pilsner Urquell, 2014,3.272623574144487
829,Pilsner Urquell, 2015,3.2840000000000003
830,Pilsner Urquell, 2016,3.245161290322581
831,Pilsner Urquell, 2017,3.233920704845815
832,Pilsner Urquell, 2018,3.3476190476190477
833,Pilsner Urquell, 2019,3.401010101010101
834,Pilsner Urquell, 2020,3.3707692307692305
835,Pilsner Urquell, 2021,3.1
836,Platinum Pale Ale, 2016,3.3
837,Platinum Pale Ale, 2017,3.0
838,Platinum Pale Ale, 2018,2.1
839,Platinum Pale Ale, 2019,3.0
840,Platinum White Ale, 2017,4.1
841,Red Rock, 2003,1.2
842,Red Rock, 2004,1.2
843,Red Rock, 2005,1.1
844,Red Rock, 2006,2.066666666666667
845,Red Rock, 2007,2.8
846,Red Rock, 2008,1.9
847,Red Rock, 2011,2.1
848,Red Rock, 2012,2.2
849,Red Rock, 2013,2.0
850,Red Rock, 2018,1.45
851,Reeper B. Blondes Weissbier, 2018,2.5
852,Reeper B. Blondes Weissbier, 2019,2.733333333333333
853,Reeper B. Blondes Weissbier, 2020,3.0999999999999996
854,Reeper B. Exotisches IPA, 2018,2.575
855,Reeper B. Exotisches IPA, 2019,2.6
856,Reeper B. Exotisches IPA, 2020,2.4000000000000004
857,Reeper B. Exotisches IPA, 2021,2.6
858,San Miguel, 2002,2.475
859,San Miguel, 2003,2.2714285714285714
860,San Miguel, 2004,1.9666666666666668
861,San Miguel, 2005,1.8909090909090909
862,San Miguel, 2006,1.6666666666666667
863,San Miguel, 2007,1.7777777777777777
864,San Miguel, 2008,1.8611111111111112
865,San Miguel, 2009,1.9899999999999998
866,San Miguel, 2010,2.2444444444444445
867,San Miguel, 2011,2.092857142857143
868,San Miguel, 2012,1.955
869,San Miguel, 2013,1.8076923076923077
870,San Miguel, 2014,1.9833333333333334
871,San Miguel, 2015,1.9454545454545455
872,San Miguel, 2016,2.21
873,San Miguel, 2017,1.9421052631578946
874,San Miguel, 2018,2.0
875,San Miguel, 2019,1.875
876,San Miguel, 2020,2.5
877,San Miguel, 2021,2.5
878,Sapporo Premium Beer / Draft Beer, 2000,2.35
879,Sapporo Premium Beer / Draft Beer, 2001,2.4063829787234043
880,Sapporo Premium Beer / Draft Beer, 2002,2.364885496183206
881,Sapporo Premium Beer / Draft Beer, 2003,2.173394495412844
882,Sapporo Premium Beer / Draft Beer, 2004,2.158181818181818
883,Sapporo Premium Beer / Draft Beer, 2005,2.0373737373737373
884,Sapporo Premium Beer / Draft Beer, 2006,2.2550724637681157
885,Sapporo Premium Beer / Draft Beer, 2007,2.1991869918699187
886,Sapporo Premium Beer / Draft Beer, 2008,2.2238993710691823
887,Sapporo Premium Beer / Draft Beer, 2009,2.173684210526316
888,Sapporo Premium Beer / Draft Beer, 2010,2.093150684931507
889,Sapporo Premium Beer / Draft Beer, 2011,2.3013333333333335
890,Sapporo Premium Beer / Draft Beer, 2012,2.2684684684684684
891,Sapporo Premium Beer / Draft Beer, 2013,2.242
892,Sapporo Premium Beer / Draft Beer, 2014,2.31156462585034
893,Sapporo Premium Beer / Draft Beer, 2015,2.4680851063829787
894,Sapporo Premium Beer / Draft Beer, 2016,2.4014705882352945
895,Sapporo Premium Beer / Draft Beer, 2017,2.5142857142857142
896,Sapporo Premium Beer / Draft Beer, 2018,2.4979591836734696
897,Sapporo Premium Beer / Draft Beer, 2019,2.646666666666667
898,Sapporo Premium Beer / Draft Beer, 2020,2.574193548387097
899,Sapporo Premium Beer / Draft Beer, 2021,3.2
900,Sapporo Yebisu, 2000,2.9333333333333336
901,Sapporo Yebisu, 2001,2.9
902,Sapporo Yebisu, 2002,2.594871794871795
903,Sapporo Yebisu, 2003,2.248
904,Sapporo Yebisu, 2004,2.5933333333333333
905,Sapporo Yebisu, 2005,2.3400000000000003
906,Sapporo Yebisu, 2006,2.33125
907,Sapporo Yebisu, 2007,2.25
908,Sapporo Yebisu, 2008,2.435714285714286
909,Sapporo Yebisu, 2009,2.5413793103448277
910,Sapporo Yebisu, 2010,2.29
911,Sapporo Yebisu, 2011,2.555
912,Sapporo Yebisu, 2012,2.533333333333333
913,Sapporo Yebisu, 2013,2.341666666666667
914,Sapporo Yebisu, 2014,2.6411764705882352
915,Sapporo Yebisu, 2015,2.4941176470588236
916,Sapporo Yebisu, 2016,2.38
917,Sapporo Yebisu, 2017,2.81875
918,Sapporo Yebisu, 2018,2.625
919,Sapporo Yebisu, 2019,3.1142857142857143
920,Sapporo Yebisu, 2020,2.425
921,Schöfferhofer Grapefruit, 2007,2.429411764705882
922,Schöfferhofer Grapefruit, 2008,2.8350877192982455
923,Schöfferhofer Grapefruit, 2009,2.404
924,Schöfferhofer Grapefruit, 2010,2.707692307692308
925,Schöfferhofer Grapefruit, 2011,2.5782608695652174
926,Schöfferhofer Grapefruit, 2012,2.536
927,Schöfferhofer Grapefruit, 2013,2.875925925925926
928,Schöfferhofer Grapefruit, 2014,2.8666666666666667
929,Schöfferhofer Grapefruit, 2015,3.0
930,Schöfferhofer Grapefruit, 2016,2.937037037037037
931,Schöfferhofer Grapefruit, 2017,2.987878787878788
932,Schöfferhofer Grapefruit, 2018,2.9272727272727277
933,Schöfferhofer Grapefruit, 2019,3.0352941176470587
934,Schöfferhofer Grapefruit, 2020,2.9588235294117644
935,Schöfferhofer Grapefruit, 2021,2.5
936,Stella Artois, 2000,2.125
937,Stella Artois, 2001,3.0674418604651166
938,Stella Artois, 2002,2.8319148936170215
939,Stella Artois, 2003,2.6305732484076434
940,Stella Artois, 2004,2.6475
941,Stella Artois, 2005,2.480616740088106
942,Stella Artois, 2006,2.46875
943,Stella Artois, 2007,2.4927536231884058
944,Stella Artois, 2008,2.520807453416149
945,Stella Artois, 2009,2.5450236966824646
946,Stella Artois, 2010,2.435672514619883
947,Stella Artois, 2011,2.4015873015873015
948,Stella Artois, 2012,2.4879518072289155
949,Stella Artois, 2013,2.464489795918367
950,Stella Artois, 2014,2.459734513274336
951,Stella Artois, 2015,2.526900584795322
952,Stella Artois, 2016,2.5318181818181817
953,Stella Artois, 2017,2.71858407079646
954,Stella Artois, 2018,2.691578947368421
955,Stella Artois, 2019,2.9456140350877194
956,Stella Artois, 2020,2.5714285714285716
957,Stella Artois, 2021,3.2
958,Stephans Bräu Hefe-Weizen Naturtrüb, 2011,1.925
959,Stephans Bräu Hefe-Weizen Naturtrüb, 2012,2.575
960,Stephans Bräu Hefe-Weizen Naturtrüb, 2013,2.463636363636364
961,Stephans Bräu Hefe-Weizen Naturtrüb, 2014,2.8666666666666667
962,Stephans Bräu Hefe-Weizen Naturtrüb, 2015,2.7125
963,Stephans Bräu Hefe-Weizen Naturtrüb, 2016,2.733333333333333
964,Stephans Bräu Hefe-Weizen Naturtrüb, 2017,2.33
965,Stephans Bräu Hefe-Weizen Naturtrüb, 2018,2.76875
966,Stephans Bräu Hefe-Weizen Naturtrüb, 2019,2.685714285714286
967,Stephans Bräu Hefe-Weizen Naturtrüb, 2020,2.972727272727273
968,Stephans Bräu Premium Lager, 2016,2.05
969,Stephans Bräu Premium Lager, 2017,1.775
970,Stephans Bräu Premium Lager, 2018,2.1555555555555554
971,Stephans Bräu Premium Lager, 2019,1.8142857142857143
972,Stephans Bräu Premium Lager, 2020,2.3875
973,Stephans Bräu Premium Pilsener, 2011,2.316666666666667
974,Stephans Bräu Premium Pilsener, 2012,1.85
975,Stephans Bräu Premium Pilsener, 2013,2.075
976,Stephans Bräu Premium Pilsener, 2014,1.5714285714285714
977,Stephans Bräu Premium Pilsener, 2015,2.1166666666666667
978,Stephans Bräu Premium Pilsener, 2016,2.35
979,Stephans Bräu Premium Pilsener, 2017,2.2
980,Stephans Bräu Premium Pilsener, 2018,2.0
981,Stephans Bräu Premium Pilsener, 2019,2.0125
982,Stephans Bräu Premium Pilsener, 2020,2.3333333333333335
983,Stout, 2020,3.5
984,Suntory The Premium Malt's, 2002,2.6999999999999997
985,Suntory The Premium Malt's, 2003,2.95
986,Suntory The Premium Malt's, 2004,2.6
987,Suntory The Premium Malt's, 2005,3.5
988,Suntory The Premium Malt's, 2006,2.7222222222222223
989,Suntory The Premium Malt's, 2007,2.8
990,Suntory The Premium Malt's, 2008,2.966666666666667
991,Suntory The Premium Malt's, 2009,2.914285714285714
992,Suntory The Premium Malt's, 2010,2.4375
993,Suntory The Premium Malt's, 2011,2.5166666666666666
994,Suntory The Premium Malt's, 2012,2.5894736842105264
995,Suntory The Premium Malt's, 2013,2.6681818181818184
996,Suntory The Premium Malt's, 2014,2.58125
997,Suntory The Premium Malt's, 2015,2.7263157894736842
998,Suntory The Premium Malt's, 2016,2.66875
999,Suntory The Premium Malt's, 2017,2.6454545454545455
1000,Suntory The Premium Malt's, 2018,2.6
1001,Suntory The Premium Malt's, 2019,2.314285714285714
1002,Suntory The Premium Malt's, 2020,3.75
1003,Tiger Beer, 2000,3.0
1004,Tiger Beer, 2001,3.5200000000000005
1005,Tiger Beer, 2002,2.6093023255813956
1006,Tiger Beer, 2003,2.270175438596491
1007,Tiger Beer, 2004,2.1348484848484848
1008,Tiger Beer, 2005,2.019230769230769
1009,Tiger Beer, 2006,2.1577981651376144
1010,Tiger Beer, 2007,2.1056
1011,Tiger Beer, 2008,2.055769230769231
1012,Tiger Beer, 2009,1.981730769230769
1013,Tiger Beer, 2010,2.1064102564102565
1014,Tiger Beer, 2011,2.2404761904761905
1015,Tiger Beer, 2012,2.1471014492753624
1016,Tiger Beer, 2013,2.111111111111111
1017,Tiger Beer, 2014,2.125149700598802
1018,Tiger Beer, 2015,2.1219512195121952
1019,Tiger Beer, 2016,2.1402439024390243
1020,Tiger Beer, 2017,2.144
1021,Tiger Beer, 2018,2.246153846153846
1022,Tiger Beer, 2019,2.2851063829787237
1023,Tiger Beer, 2020,2.288888888888889
1024,Tiger Beer, 2021,4.0
1025,Tiger Radler Lemon, 2014,2.3666666666666667
1026,Tiger Radler Lemon, 2015,1.7666666666666666
1027,Tiger Radler Lemon, 2016,2.1
1028,Tiger Radler Lemon, 2017,2.48
1029,Tiger Radler Lemon, 2018,1.6
1030,Tiger Radler Lemon, 2019,1.5
1031,Tsingtao, 2000,2.075
1032,Tsingtao, 2001,2.2170731707317075
1033,Tsingtao, 2002,2.2016393442622952
1034,Tsingtao, 2003,2.120879120879121
1035,Tsingtao, 2004,2.173394495412844
1036,Tsingtao, 2005,2.0174311926605504
1037,Tsingtao, 2006,2.280689655172414
1038,Tsingtao, 2007,2.1433566433566433
1039,Tsingtao, 2008,1.9931506849315068
1040,Tsingtao, 2009,1.9267241379310345
1041,Tsingtao, 2010,1.8670731707317072
1042,Tsingtao, 2011,2.0110169491525425
1043,Tsingtao, 2012,1.9635838150289016
1044,Tsingtao, 2013,1.8697297297297295
1045,Tsingtao, 2014,2.000574712643678
1046,Tsingtao, 2015,1.9992753623188404
1047,Tsingtao, 2016,1.9813186813186814
1048,Tsingtao, 2017,2.4069767441860463
1049,Tsingtao, 2018,2.167692307692308
1050,Tsingtao, 2019,2.211904761904762
1051,Tsingtao, 2020,1.8461538461538463
1052,Tsingtao, 2021,2.9000000000000004
1053,Tsingtao Wheat Beer, 2018,2.946153846153846
1054,Tsingtao Wheat Beer, 2019,2.75
1055,Tsingtao Wheat Beer, 2020,2.642857142857143
1056,Victoria Bitter, 2001,2.26
1057,Victoria Bitter, 2002,2.409302325581395
1058,Victoria Bitter, 2003,1.8574074074074074
1059,Victoria Bitter, 2004,1.7125
1060,Victoria Bitter, 2005,1.7352941176470589
1061,Victoria Bitter, 2006,2.0241379310344825
1062,Victoria Bitter, 2007,2.0028571428571427
1063,Victoria Bitter, 2008,1.8259999999999998
1064,Victoria Bitter, 2009,1.66046511627907
1065,Victoria Bitter, 2010,1.9534482758620688
1066,Victoria Bitter, 2011,1.9546875
1067,Victoria Bitter, 2012,1.936842105263158
1068,Victoria Bitter, 2013,1.9565217391304348
1069,Victoria Bitter, 2014,2.0470588235294116
1070,Victoria Bitter, 2015,2.052941176470588
1071,Victoria Bitter, 2016,2.5
1072,Victoria Bitter, 2017,2.496
1073,Victoria Bitter, 2018,2.468421052631579
1074,Victoria Bitter, 2019,2.6423076923076922
1075,Victoria Bitter, 2020,1.77
1076,Volfas Engelman Grünberger Hefeweizen, 2018,3.05
1077,Volfas Engelman Grünberger Hefeweizen, 2020,3.1999999999999997
1078,Warsteiner Premium Verum, 2000,3.0777777777777775
1079,Warsteiner Premium Verum, 2001,3.0886792452830187
1080,Warsteiner Premium Verum, 2002,2.9223021582733812
1081,Warsteiner Premium Verum, 2003,2.8402985074626868
1082,Warsteiner Premium Verum, 2004,2.7929577464788733
1083,Warsteiner Premium Verum, 2005,2.565359477124183
1084,Warsteiner Premium Verum, 2006,2.7588652482269502
1085,Warsteiner Premium Verum, 2007,2.6319371727748693
1086,Warsteiner Premium Verum, 2008,2.6850267379679145
1087,Warsteiner Premium Verum, 2009,2.6
1088,Warsteiner Premium Verum, 2010,2.6737373737373735
1089,Warsteiner Premium Verum, 2011,2.6322314049586777
1090,Warsteiner Premium Verum, 2012,2.731372549019608
1091,Warsteiner Premium Verum, 2013,2.670588235294118
1092,Warsteiner Premium Verum, 2014,2.726543209876543
1093,Warsteiner Premium Verum, 2015,2.689928057553957
1094,Warsteiner Premium Verum, 2016,2.656
1095,Warsteiner Premium Verum, 2017,2.681318681318681
1096,Warsteiner Premium Verum, 2018,2.6083333333333334
1097,Warsteiner Premium Verum, 2019,2.833962264150943
1098,Warsteiner Premium Verum, 2020,3.0277777777777777
1099,Warsteiner Premium Verum, 2021,3.05
